Auteur;Twitter
Djamel Zouaoui;DjamelOnLine
Rémy-Christophe Schermesser;El_Picador
David ALIA;davidalia
Cyrille DERUEL;CyrilleDeruel
Hervé LOURDIN;HerveLourdin
Mathieu GANDIN;octomga
Julien Jakubowski;jak78
Henri Tremblay;henri_tremblay
Philippe PRADOS;pprados
Laurent  DUTHEIL;laurentdutheil
Frederic MERIZEN;fredZen
Vincent GUIGUI;VincentGuigui
Stéphane Nicolas;robospice
Jérome Van Der Linden;jeromevdl
Joseph GLORIEUX;jglorieux
Mathieu DESPRIEE;mdeocto
Sophie MUTO;Sofymaxi
Mikael ROBERT;mikaelrob
Benoit LAFONTAINE;joel1di1
Jonathan SCHER;jonathan_scher
Mathieu HAUSHERR;mhausherr
Maxence WALBROU;mwalbrou
Michel DOMENJOUD;mdomenjoud
